{
  "scriptFile": "__init__.py",
  "bindings": [
    {
      "name": "message",
      "type": "table",
      "tableName": "TablesDB",
      "partitionKey": "Visitors",
      "connection": "AzureWebJobsStorage",
      "direction": "out"
    },
    {
      "authLevel": "anonymous",
      "type": "httpTrigger",
      "direction": "in",
      "name": "req",
      "methods": [
        "get",
        "post"
      ]
    },
    {
      "type": "http",
      "direction": "out",
      "name": "$return"
    }
  ]
}